,Store_Name,Address,City_State
0,Neighborhood Market #3740,21475 E Quincy Ave,"Aurora, CO 80015"
1,Neighborhood Market #4196,15240 E Iliff Avenue,"Aurora, CO 80014"
2,Neighborhood Market #6178,10400 E Colfax Avenue,"Aurora, CO 80010"
3,Supercenter #1492,14000 E Exposition Ave,"Aurora, CO 80012"
4,Supercenter #1689,5650 S Chambers Rd,"Aurora, CO 80015"
5,Supercenter #5137,6101 S Aurora Pkwy,"Aurora, CO 80016"
6,Supercenter #5334,3301 Tower Rd,"Aurora, CO 80011"
7,Supercenter #1659,60 W Bromley Ln,"Brighton, CO 80601"
8,Supercenter #4567,7101 E 128th Ave,"Brighton, CO 80602"
9,Supercenter #4288,4651 W 121st Ave,"Broomfield, CO 80020"
10,Supercenter #5341,500 Summit Blvd,"Broomfield, CO 80021"
11,Neighborhood Market #3126,16746 E Smoky Hill Rd,"Centennial, CO 80015"
12,Supercenter #3313,10900 E Briarwood Ave,"Centennial, CO 80112"
13,Neighborhood Market #3082,1622 S Academy Blvd,"Colorado Springs, CO 80916"
14,Neighborhood Market #3083,665 N Murray Blvd,"Colorado Springs, CO 80915"
15,Neighborhood Market #3175,4142 Austin Bluffs Pkwy,"Colorado Springs, CO 80918"
16,Neighborhood Market #3176,1725 N Union Blvd,"Colorado Springs, CO 80909"
17,Supercenter #1200,3201 E Platte Ave,"Colorado Springs, CO 80909"
18,Supercenter #1434,707 S 8th St,"Colorado Springs, CO 80905"
19,Supercenter #1896,8250 Razorback Rd,"Colorado Springs, CO 80920"
20,Supercenter #3582,1575 Space Center Dr,"Colorado Springs, CO 80915"
21,Supercenter #5123,5550 E Woodmen Rd,"Colorado Springs, CO 80920"
22,Neighborhood Market #3127,5141 Chambers Rd,"Denver, CO 80239"
23,Neighborhood Market #3128,1442 S Parker Rd,"Denver, CO 80231"
24,Supercenter #3533,7800 Smith Rd,"Denver, CO 80207"
25,Supercenter #3566,9400 E Hampden Ave,"Denver, CO 80231"
26,Supercenter #5676,2770 W Evans Ave,"Denver, CO 80219"
27,Supercenter #2729,1250 E Magnolia St,"Fort Collins, CO 80524"
28,Supercenter #3177,4625 S Mason St,"Fort Collins, CO 80525"
29,Supercenter #1273,6310 S Us Highway 85-87,"Fountain, CO 80817"
30,Supercenter #3018,4425 Venetucci Boulevard,"Fountain, CO 80906"
31,Neighborhood Market #4491,541 Warrior Way,"Grand Junction, CO 81504"
32,Supercenter #1280,2881 North Ave,"Grand Junction, CO 81501"
33,Supercenter #5099,2545 Rimrock Ave,"Grand Junction, CO 81505"
34,Supercenter #980,3103 S 23rd Ave,"Greeley, CO 80631"
35,Supercenter #5051,920 47th Ave,"Greeley, CO 80634"
36,Supercenter #2125,7455 W Colfax Ave,"Lakewood, CO 80214"
37,Supercenter #4284,440 Wadsworth Blvd,"Lakewood, CO 80226"
38,Supercenter #1308,7700 W Quincy Ave,"Littleton, CO 80123"
39,Supercenter #5049,13420 W Coal Mine Ave,"Littleton, CO 80127"
40,Supercenter #953,1325 Denver Ave,"Loveland, CO 80537"
41,Supercenter #1008,250 W 65th St,"Loveland, CO 80538"
42,Neighborhood Market #5828,2730 S. Prairie Ave.,"Pueblo, CO 81005"
43,Supercenter #842,4200 Dillon Dr,"Pueblo, CO 81008"
44,Supercenter #1001,4080 W Northern Ave,"Pueblo, CO 81005"
45,Neighborhood Market #3019,850 E 88th Ave,"Thornton, CO 80229"
46,Supercenter #1231,9901 Grant St,"Thornton, CO 80229"
47,Neighborhood Market #6177,7170 N Federal Blvd,"Westminster, CO 80030"
48,Supercenter #2223,9499 Sheridan Blvd,"Westminster, CO 80031"
49,Supercenter #3824,7155 Sheridan Blvd,"Westminster, CO 80003"
50,Supercenter #3867,200 W 136th Ave,"Westminster, CO 80234"
51,Store #2954,650 Main Ave,"Norwalk, CT 06851"
52,Store #3547,680 Connecticut Ave,"Norwalk, CT 06854"
53,Neighborhood Market #6894,820 Balmy Beach Drive,"Apopka, FL 32703"
54,Supercenter #955,1700 S Org Blsmtrail,"Apopka, FL 32703"
55,Neighborhood Market #2396,12700 S Military Trl,"Boynton Beach, FL 33436"
56,Neighborhood Market #3011,9840 S Military Trl Ste G-1,"Boynton Beach, FL 33436"
57,Supercenter #2789,3200 Old Boynton Rd,"Boynton Beach, FL 33436"
58,Supercenter #5911,3625 S Federal Hwy,"Boynton Beach, FL 33435"
59,Neighborhood Market #7307,4536 53rd Avenue East,"Bradenton, FL 34203"
60,Supercenter #1004,5315 Cortez Rd W,"Bradenton, FL 34210"
61,Supercenter #3474,6225 E State Road 64,"Bradenton, FL 34208"
62,Supercenter #5727,5810 Ranch Lake Blvd,"Bradenton, FL 34202"
63,Neighborhood Market #5826,901 Lithia Pinecrest Rd,"Brandon, FL 33511"
64,Supercenter #2387,11110 Causeway Blvd,"Brandon, FL 33511"
65,Supercenter #3463,1208 E Brandon Blvd,"Brandon, FL 33511"
66,Supercenter #1213,13300 Cortez Blvd,"Brooksville, FL 34613"
67,Supercenter #3526,7305 Broad St,"Brooksville, FL 34601"
68,Neighborhood Market #5451,3920 Skyline Blvd,"Cape Coral, FL 33914"
69,Neighborhood Market #5453,505 Sw Pine Island Rd,"Cape Coral, FL 33991"
70,Neighborhood Market #6941,2020 Ne Pine Island Road,"Cape Coral, FL 33909"
71,Supercenter #819,1619 Del Prado Blvd S,"Cape Coral, FL 33990"
72,Neighborhood Market #4667,1803 N Highland Ave,"Clearwater, FL 33755"
73,Neighborhood Market #5670,2171 Gulf To Bay Blvd. Building #10,"Clearwater, FL 33765"
74,Supercenter #2081,23106 Us Highway 19 N,"Clearwater, FL 33765"
75,Supercenter #2695,1450 Johns Lake Rd,"Clermont, FL 34711"
76,Supercenter #5299,550 Us Highway 27,"Clermont, FL 34714"
77,Neighborhood Market #4380,10635 W Atlantic Blvd,"Coral Springs, FL 33071"
78,Neighborhood Market #4498,4650 N University Dr,"Coral Springs, FL 33067"
79,Supercenter #1387,3801 Turtle Creek Dr,"Coral Springs, FL 33067"
80,Supercenter #2963,6001 Coral Ridge Dr,"Coral Springs, FL 33076"
81,Neighborhood Market #4826,8550 Stirling Road,"Davie, FL 33024"
82,Supercenter #2987,4301 S University Dr,"Davie, FL 33328"
83,Neighborhood Market #2944,955 S Woodland Boulevard,"Deland, FL 32724"
84,Supercenter #860,1699 N Woodland Blvd,"Deland, FL 32720"
85,Neighborhood Market #2406,3155 South Federal Highway,"Delray Beach, FL 33483"
86,Supercenter #1589,16205 S Military Trl,"Delray Beach, FL 33484"
87,Neighborhood Market #6398,1569 Saxon Boulevard,"Deltona, FL 32725"
88,Supercenter #3310,101 Howland Blvd,"Deltona, FL 32738"
89,Neighborhood Market #5321,9131 College Pkwy Ste 101,"Fort Myers, FL 33919"
90,Supercenter #987,14821 Ben C Pratt/6 Mile Cypress Pkwy,"Fort Myers, FL 33912"
91,Supercenter #5034,4770 Colonial Blvd,"Fort Myers, FL 33966"
92,Supercenter #538,5700 Nw 23rd St,"Gainesville, FL 32653"
93,Supercenter #1081,2900 Sw 42nd St,"Gainesville, FL 32608"
94,Supercenter #3877,1800 Ne 12th Ave,"Gainesville, FL 32641"
95,Neighborhood Market #5758,3911 S Jog Rd,"Greenacres, FL 33467"
96,Supercenter #1436,6294 Forest Hill Blvd,"Greenacres, FL 33415"
97,Neighborhood Market #5623,334 Gulf Breeze Pkwy,"Gulf Breeze, FL 32561"
98,Supercenter #2533,3767 Gulf Breeze Pkwy,"Gulf Breeze, FL 32563"
99,Neighborhood Market #5945,400 W 49th St,"Hialeah, FL 33012"
100,Supercenter #1590,5851 Nw 177th St,"Hialeah, FL 33015"
101,Supercenter #2814,9300 Nw 77th Ave,"Hialeah, FL 33016"
102,Neighborhood Market #3183,1499 South Dixie Hwy,"Homestead, FL 33033"
103,Supercenter #5671,13600 Sw 288th St,"Homestead, FL 33033"
104,Neighborhood Market #4561,9550 Baymeadows Rd Suite #18,"Jacksonville, FL 32256"
105,Neighborhood Market #5005,6855 Wilson Boulevard,"Jacksonville, FL 32210"
106,Neighborhood Market #5816,1650 San Pablo Rd S,"Jacksonville, FL 32224"
107,Neighborhood Market #5817,8011 Merrill Rd,"Jacksonville, FL 32277"
108,Neighborhood Market #5818,10550 Old St. Augustine Rd,"Jacksonville, FL 32257"
109,Supercenter #1082,10991 San Jose Blvd Ste 1,"Jacksonville, FL 32223"
110,Supercenter #1083,6830 Normandy Blvd,"Jacksonville, FL 32205"
111,Supercenter #1090,6767 103rd St,"Jacksonville, FL 32210"
112,Supercenter #1172,13490 Beach Blvd,"Jacksonville, FL 32224"
113,Supercenter #1173,8808 Beach Blvd,"Jacksonville, FL 32216"
114,Supercenter #1219,12100 Lem Turner Rd,"Jacksonville, FL 32218"
115,Supercenter #1444,9890 Hutchinson Park Dr,"Jacksonville, FL 32225"
116,Supercenter #3309,4250 Phillips Hwy,"Jacksonville, FL 32207"
117,Supercenter #3702,13227 City Square Dr,"Jacksonville, FL 32218"
118,Supercenter #4444,10251 Shops Ln,"Jacksonville, FL 32258"
119,Supercenter #5054,11900 Atlantic Blvd,"Jacksonville, FL 32225"
120,Supercenter #6978,7075 Collins Rd,"Jacksonville, FL 32244"
121,Neighborhood Market #4159,2850 E Osceola Parkway,"Kissimmee, FL 34743"
122,Neighborhood Market #5846,3183 W Vine St,"Kissimmee, FL 34741"
123,Supercenter #817,4444 W Vine St,"Kissimmee, FL 34746"
124,Supercenter #2881,1471 E Osceola Pkwy,"Kissimmee, FL 34744"
125,Supercenter #5214,2855 N Old Lake Wilson Road,"Kissimmee, FL 34747"
126,Supercenter #5250,904 Cypress Pkwy,"Kissimmee, FL 34759"
127,Supercenter #5420,3250 Vineland Rd,"Kissimmee, FL 34746"
128,Neighborhood Market #5759,6177 S Jog Rd,"Lake Worth, FL 33467"
129,Neighborhood Market #6967,4105 S State Road 7,"Lake Worth, FL 33449"
130,Supercenter #1398,4545 Hypoluxo Rd,"Lake Worth, FL 33463"
131,Supercenter #779,3501 S Florida Ave,"Lakeland, FL 33803"
132,Supercenter #1245,5800 Us Highway 98 N,"Lakeland, FL 33809"
133,Neighborhood Market #4141,9020 Ulmerton Road,"Largo, FL 33771"
134,Neighborhood Market #5831,13817 Walsingham Rd,"Largo, FL 33774"
135,Supercenter #1712,990 Missouri Ave N,"Largo, FL 33770"
136,Supercenter #3372,2677 Roosevelt Boulevard,"Largo, FL 33760"
137,Pharmacy #7396,2255 Highway 71.,"Marianna, FL 32448"
138,Supercenter #1375,2255 Highway 71,"Marianna, FL 32448"
139,Neighborhood Market #5365,3950 N Wickham Rd,"Melbourne, FL 32935"
140,Neighborhood Market #5366,3550 S Babcock St,"Melbourne, FL 32901"
141,Store #956,1001 E Eau Gallie Blvd,"Melbourne, FL 32937"
142,Supercenter #1702,1000 North Wickham R,"Melbourne, FL 32935"
143,Supercenter #3538,8500 N Wickham Rd,"Melbourne, FL 32940"
144,Neighborhood Market #3935,14325 Sw 268th,"Miami, FL 33032"
145,Neighborhood Market #4140,6991 Sw 8th St,"Miami, FL 33144"
146,Neighborhood Market #5719,14720 Sw 26th St.,"Miami, FL 33185"
147,Supercenter #4161,9191 W. Flagler St,"Miami, FL 33174"
148,Supercenter #4303,3200 Nw 79th Street,"Miami, FL 33147"
149,Supercenter #5854,8400 Coral Way,"Miami, FL 33155"
150,Supercenter #5912,21151 S Dixie Hwy,"Miami, FL 33189"
151,Neighborhood Market #2907,3791 Nw 167th Street,"Miami Gardens, FL 33055"
152,Supercenter #3311,19501 Nw 27th Ave,"Miami Gardens, FL 33056"
153,Supercenter #3397,17650 Nw 2nd Ave,"Miami Gardens, FL 33169"
154,Neighborhood Market #5820,2570 County Road 220,"Middleburg, FL 32068"
155,Supercenter #3308,1580 Branan Field Rd,"Middleburg, FL 32068"
156,Neighborhood Market #4354,5010 Airport Pulling Rd N,"Naples, FL 34105"
157,Store #1119,3451 Tamiami Trl E,"Naples, FL 34112"
158,Supercenter #1957,11225 Tamiami Trl N,"Naples, FL 34110"
159,Supercenter #3417,6650 Collier Blvd,"Naples, FL 34114"
160,Supercenter #5055,9885 Collier Blvd,"Naples, FL 34114"
161,Supercenter #5391,5420 Juliet Blvd,"Naples, FL 34109"
162,Neighborhood Market #4582,7360 Navarre Parkway,"Navarre, FL 32566"
163,Supercenter #3439,9360 Navarre Pkwy,"Navarre, FL 32566"
164,Neighborhood Market #2391,8745 Little Road,"New Port Richey, FL 34654"
165,Supercenter #994,8745 State Road 54,"New Port Richey, FL 34655"
166,Neighborhood Market #7221,1100 S Main St,"North Port, FL 34287"
167,Supercenter #3387,17000 Tamiami Trl,"North Port, FL 34287"
168,Neighborhood Market #4434,7855 Sw Hwy 200,"Ocala, FL 34476"
169,Supercenter #697,2600 Sw 19th Avenue Rd,"Ocala, FL 34471"
170,Supercenter #1847,4980 E Silver Springs Blvd,"Ocala, FL 34470"
171,Supercenter #4368,34 Bahia Ave,"Ocala, FL 34472"
172,Supercenter #5326,9570 Sw Highway 200,"Ocala, FL 34481"
173,Supercenter #1225,899 Blanding Blvd,"Orange Park, FL 32065"
174,Supercenter #2920,1505 County Road 220,"Orange Park, FL 32003"
175,Pharmacy #5315,9600 Parksouth Court Suite 120,"Orlando, FL 32837"
176,Pharmacy #5997,9600 Parksouth Court,"Orlando, FL 32837"
177,Neighborhood Market #2499,8801 Conroy Windermere Rd,"Orlando, FL 32835"
178,Neighborhood Market #3162,2715 S Orange Ave,"Orlando, FL 32806"
179,Neighborhood Market #3617,600 S Alafaya Trl,"Orlando, FL 32828"
180,Neighborhood Market #3817,433 Avalon Park South Blvd,"Orlando, FL 32828"
181,Neighborhood Market #4142,4520 S Semoran Blvd,"Orlando, FL 32822"
182,Neighborhood Market #4160,1101 S. Goldwyn,"Orlando, FL 32805"
183,Neighborhood Market #4197,902 Lee Rd,"Orlando, FL 32810"
184,Neighborhood Market #4211,5559 Clarcona Ocoee Rd,"Orlando, FL 32810"
185,Neighborhood Market #4425,7818 Colonial West Drive,"Orlando, FL 32818"
186,Neighborhood Market #5179,201 S Chickasaw Trl,"Orlando, FL 32825"
187,Neighborhood Market #5741,9047 Curry Ford Road,"Orlando, FL 32825"
188,Neighborhood Market #5875,12550 S Orange Blossom Trl,"Orlando, FL 32837"
189,Neighborhood Market #5988,2271 N. Semoran Blvd,"Orlando, FL 32807"
190,Neighborhood Market #6149,13801 Landstar And Arbor Meadows Blvd,"Orlando, FL 32824"
191,Store #1084,3838 S Semoran Blvd,"Orlando, FL 32822"
192,Supercenter #890,11250 E Colonial Dr,"Orlando, FL 32817"
193,Supercenter #908,8101 S John Young Pkwy,"Orlando, FL 32819"
194,Supercenter #1220,2500 S Kirkman Rd,"Orlando, FL 32811"
195,Supercenter #3782,5991 S Goldenrod Rd,"Orlando, FL 32822"
196,Supercenter #4332,8990 Turkey Lake Rd,"Orlando, FL 32819"
197,Supercenter #4365,11930 Narcoossee Road,"Orlando, FL 32832"
198,Supercenter #4588,3101 W Princeton St,"Orlando, FL 32808"
199,Supercenter #5871,5734 S. Orange Blossom Trl,"Orlando, FL 32839"
200,Neighborhood Market #5106,4255 Alafaya Trl,"Oviedo, FL 32765"
201,Supercenter #5894,5511 Deep Lake Rd,"Oviedo, FL 32765"
202,Neighborhood Market #3414,3400 East Lake Rd,"Palm Harbor, FL 34685"
203,Supercenter #1513,35404 Us Highway 19 N,"Palm Harbor, FL 34684"
204,Supercenter #818,10270 Front Beach Rd,"Panama City Beach, FL 32407"
205,Supercenter #3119,15495 Panama City Beach Pkwy,"Panama City Beach, FL 32413"
206,Supercenter #2591,151 Sw 184th Ave,"Pembroke Pines, FL 33029"
207,Supercenter #5932,12800 Pines Blvd,"Pembroke Pines, FL 33027"
208,Neighborhood Market #4357,6670 Mobile Highway,"Pensacola, FL 32526"
209,Neighborhood Market #5771,1525 E Nine Mile Road,"Pensacola, FL 32514"
210,Neighborhood Market #6531,9301 Pine Forest Road,"Pensacola, FL 32534"
211,Supercenter #1222,8970 Pensacola Blvd,"Pensacola, FL 32534"
212,Supercenter #1224,2650 Creighton Rd,"Pensacola, FL 32504"
213,Supercenter #1605,4600 Mobile Hwy Ste 122,"Pensacola, FL 32506"
214,Supercenter #3484,2951 S Blue Angel Pkwy,"Pensacola, FL 32506"
215,Supercenter #3785,501 N Navy Blvd,"Pensacola, FL 32507"
216,Neighborhood Market #3013,7500 66th St,"Pinellas Park, FL 33781"
217,Neighborhood Market #4669,6900 Us Highway 19 N,"Pinellas Park, FL 33781"
218,Supercenter #1390,8001 Us Highway 19 N,"Pinellas Park, FL 33781"
219,Neighborhood Market #4617,1199 S Federal Hwy,"Pompano Beach, FL 33062"
220,Supercenter #1517,5001 N Federal Highway,"Pompano Beach, FL 33064"
221,Supercenter #2962,2300 W Atlantic Blvd,"Pompano Beach, FL 33069"
222,Neighborhood Market #6937,2150 Tamiami Trail,"Port Charlotte, FL 33948"
223,Supercenter #721,19100 Murdock Cir,"Port Charlotte, FL 33948"
224,Supercenter #3349,375 Kings Hwy,"Port Charlotte, FL 33983"
225,Neighborhood Market #3629,3811 Clyde Morris Blvd,"Port Orange, FL 32129"
226,Supercenter #582,1590 Dunlawton Ave,"Port Orange, FL 32127"
227,Neighborhood Market #7299,902 Sw Saint Lucie West Blvd,"Port St Lucie, FL 34986"
228,Supercenter #929,10855 So. Us Hwy #1,"Port St Lucie, FL 34952"
229,Supercenter #3527,1675 Nw Saint Lucie West Blvd,"Port St Lucie, FL 34986"
230,Supercenter #4260,1850 Sw Gatlin Blvd,"Port St Lucie, FL 34953"
231,Neighborhood Market #5622,10863 Bloomingdale Ave,"Riverview, FL 33578"
232,Neighborhood Market #6968,10327 Big Bend Road,"Riverview, FL 33578"
233,Neighborhood Market #5265,2125 Nolte Rd,"Saint Cloud, FL 34772"
234,Supercenter #1086,4400 13th St,"Saint Cloud, FL 34769"
235,Supercenter #857,3653 S Orlando Dr,"Sanford, FL 32773"
236,Supercenter #3207,1601 Rinehart Rd,"Sanford, FL 32771"
237,Neighborhood Market #2392,3560 Bee Ridge Rd,"Sarasota, FL 34239"
238,Neighborhood Market #3066,3500 N Tamiami Trail,"Sarasota, FL 34234"
239,Neighborhood Market #7298,5401 Palmer Crossing Cir,"Sarasota, FL 34233"
240,Supercenter #1171,8320 Lockwood Ridge Rd,"Sarasota, FL 34243"
241,Supercenter #2459,4381 Cattlemen Rd,"Sarasota, FL 34233"
242,Neighborhood Market #6207,14344 Spring Hill Drive,"Spring Hill, FL 34609"
243,Supercenter #967,1485 Commercial Way,"Spring Hill, FL 34606"
244,Supercenter #1536,10237 Bay Pines Blvd,"St Petersburg, FL 33708"
245,Supercenter #4690,201 34th St N,"St Petersburg, FL 33713"
246,Supercenter #5218,3501 34th St S,"St Petersburg, FL 33711"
247,Supercenter #1349,3306 North University Drive,"Sunrise, FL 33351"
248,Supercenter #2151,12555 W Sunrise Blvd,"Sunrise, FL 33323"
249,Supercenter #1077,3535 Apalachee Pkwy,"Tallahassee, FL 32311"
250,Supercenter #1223,5500 Thomasville Rd,"Tallahassee, FL 32312"
251,Supercenter #1408,4400 W Tennessee St,"Tallahassee, FL 32304"
252,Supercenter #4427,3221 N Monroe St,"Tallahassee, FL 32303"
253,Supercenter #4520,4021 Lagniappe Way,"Tallahassee, FL 32317"
254,Neighborhood Market #5221,8885 N Florida Ave,"Tampa, FL 33604"
255,Neighborhood Market #5255,6216 Elliot Dr,"Tampa, FL 33615"
256,Neighborhood Market #5654,3671 W Hillsborough Ave,"Tampa, FL 33614"
257,Neighborhood Market #5760,1601 W Kennedy Blvd,"Tampa, FL 33606"
258,Neighborhood Market #6548,4525 Gunn Hwy,"Tampa, FL 33624"
259,Store #1482,7011 W Waters Ave,"Tampa, FL 33634"
260,Store #1501,14941 N Dale Mabry Hwy,"Tampa, FL 33618"
261,Supercenter #1960,1505 N Dale Mabry Hwy,"Tampa, FL 33607"
262,Supercenter #2627,2701 E Fletcher Ave,"Tampa, FL 33612"
263,Supercenter #2740,19910 Bruce B Downs Blvd,"Tampa, FL 33647"
264,Supercenter #3197,15302 N. Nebraska Ave.,"Tampa, FL 33613"
265,Supercenter #4681,4302 W Gandy Blvd,"Tampa, FL 33611"
266,Supercenter #5036,6192 Gunn Hwy,"Tampa, FL 33625"
267,Supercenter #5220,8220 N Dale Mabry Hwy,"Tampa, FL 33614"
268,Supercenter #5964,1720 E Hillsborough Ave,"Tampa, FL 33610"
269,Neighborhood Market #4565,270 Heald Way,"The Villages, FL 32163"
270,Supercenter #4262,4085 Wedgewood Ln,"The Villages, FL 32162"
271,Neighborhood Market #4546,1750 Us Highway 1,"Vero Beach, FL 32960"
272,Supercenter #931,5555 20th St,"Vero Beach, FL 32966"
273,Neighborhood Market #4560,6901 Okeechobee Blvd,"West Palm Beach, FL 33411"
274,Supercenter #1541,9990 Belvedere Rd,"West Palm Beach, FL 33411"
275,Supercenter #4446,4225 45th St,"West Palm Beach, FL 33407"
276,Supercenter #5301,4375 Belvedere Rd,"West Palm Beach, FL 33406"
277,Supercenter #968,355 Cypress Gardens Blvd,"Winter Haven, FL 33880"
278,Supercenter #3347,7450 Cypress Gardens Blvd,"Winter Haven, FL 33884"
279,Supercenter #3471,3105 Cobb Pkwy Nw,"Acworth, GA 30152"
280,Supercenter #3748,3826 Cobb Pkwy Nw,"Acworth, GA 30101"
281,Neighborhood Market #2801,108 S Westover Blvd,"Albany, GA 31707"
282,Neighborhood Market #4517,2586 N Slappey Blvd,"Albany, GA 31701"
283,Supercenter #588,2825 Ledo Rd,"Albany, GA 31707"
284,Supercenter #5797,262 Cordele Rd,"Albany, GA 31705"
285,Supercenter #2941,5200 Windward Pkwy,"Alpharetta, GA 30004"
286,Supercenter #4436,5455 Atlanta Hwy,"Alpharetta, GA 30004"
287,Neighborhood Market #5267,3130 Atlanta Hwy,"Athens, GA 30606"
288,Supercenter #1400,1911 Epps Bridge Pkwy,"Athens, GA 30606"
289,Supercenter #2811,4375 Lexington Rd,"Athens, GA 30605"
290,Pharmacy #5010,1030 Delta Blvd,"Atlanta, GA 30354"
291,Supercenter #3008,835 Martin Luther King Jr Drive Nw,"Atlanta, GA 30314"
292,Supercenter #3709,2427 Gresham Rd Se,"Atlanta, GA 30316"
293,Supercenter #3741,1105 Research Center Atlanta Drive Sw,"Atlanta, GA 30331"
294,Supercenter #3775,1801 Howell Mill Rd Nw,"Atlanta, GA 30318"
295,Neighborhood Market #4206,300 South Belair Rd,"Augusta, GA 30907"
296,Supercenter #1227,260 Bobby Jones Expy,"Augusta, GA 30907"
297,Supercenter #1293,3209 Deans Bridge Rd,"Augusta, GA 30906"
298,Supercenter #4144,3338 Wrightsboro Road,"Augusta, GA 30909"
299,Neighborhood Market #2840,11 Glynn Plaza,"Brunswick, GA 31520"
300,Supercenter #639,150 Altama Connector,"Brunswick, GA 31525"
301,Supercenter #1314,3795 Buford Dr,"Buford, GA 30519"
302,Supercenter #3786,3250 Sardis Church Rd,"Buford, GA 30519"
303,Neighborhood Market #4421,7400 Blackmon Rd,"Columbus, GA 31909"
304,Neighborhood Market #4426,1042 Manchester Expy,"Columbus, GA 31904"
305,Neighborhood Market #5907,4909 Buena Vista Rd,"Columbus, GA 31907"
306,Supercenter #1311,5448 Whittlesey Blvd Ste B,"Columbus, GA 31909"
307,Supercenter #1338,3515 Victory Drive,"Columbus, GA 31903"
308,Supercenter #4200,6475 Gateway Road,"Columbus, GA 31909"
309,Supercenter #4283,2801 Airport Thruway,"Columbus, GA 31909"
310,Supercenter #459,10300 Industrial Blvd Ne,"Covington, GA 30014"
311,Supercenter #4558,4200 Salem Rd,"Covington, GA 30016"
312,Supercenter #878,1500 Market Place Blvd,"Cumming, GA 30041"
313,Supercenter #4185,2395 Peachtree Pkwy,"Cumming, GA 30041"
314,Supercenter #7185,3655 Browns Bridge Rd,"Cumming, GA 30028"
315,Neighborhood Market #4528,98 West Walnut Ave,"Dalton, GA 30720"
316,Supercenter #669,2545 E Walnut Ave,"Dalton, GA 30721"
317,Supercenter #5173,815 Shugart Rd,"Dalton, GA 30720"
318,Supercenter #3118,2525 N Decatur Rd,"Decatur, GA 30033"
319,Supercenter #3710,3580 Memorial Dr,"Decatur, GA 30032"
320,Neighborhood Market #3070,5025 Winters Chapel Rd,"Dunwoody, GA 30360"
321,Supercenter #2360,4725 Ashford Dunwoody Rd,"Dunwoody, GA 30338"
322,Neighborhood Market #3635,1155 Battlefield Pkwy,"Fort Oglethorpe, GA 30742"
323,Supercenter #1458,3040 Battlefield Pkwy,"Fort Oglethorpe, GA 30742"
324,Neighborhood Market #2699,1435 Thompson Bridge Rd,"Gainesville, GA 30501"
325,Neighborhood Market #2731,2892 Browns Bridge Rd,"Gainesville, GA 30504"
326,Supercenter #510,400 Shallowford Rd Nw,"Gainesville, GA 30504"
327,Neighborhood Market #7339,5303-a Wrightsboro Rd,"Grovetown, GA 30813"
328,Supercenter #5735,5010 Steiner Way,"Grovetown, GA 30813"
329,Neighborhood Market #4519,801-a East General Stewart Way,"Hinesville, GA 31313"
330,Neighborhood Market #4525,1422 W Oglethorpe Hwy Ste A,"Hinesville, GA 31313"
331,Supercenter #862,751 W Oglethorpe Hwy,"Hinesville, GA 31313"
332,Neighborhood Market #2773,955 Lafayette Parkway,"Lagrange, GA 30241"
333,Supercenter #614,803 New Franklin Rd,"Lagrange, GA 30240"
334,Neighborhood Market #3074,3059 Lawrenceville Hwy,"Lawrenceville, GA 30044"
335,Supercenter #548,630 Collins Hill Rd,"Lawrenceville, GA 30046"
336,Supercenter #3388,1400 Lawrenceville Hwy,"Lawrenceville, GA 30044"
337,Supercenter #1340,5401 Fairington Rd,"Lithonia, GA 30038"
338,Supercenter #4472,8424 Mall Parkway,"Lithonia, GA 30038"
339,Supercenter #1076,1401 Gray Hwy,"Macon, GA 31211"
340,Supercenter #1153,6020 Harrison Rd,"Macon, GA 31206"
341,Supercenter #2890,5955 Zebulon Rd,"Macon, GA 31210"
342,Neighborhood Market #3069,3101 Roswell Road,"Marietta, GA 30062"
343,Neighborhood Market #5815,2909 Austell Rd Sw Suite 100,"Marietta, GA 30008"
344,Supercenter #937,2795 Chastain Meadows Pkwy,"Marietta, GA 30066"
345,Supercenter #1181,1785 Cobb Pkwy S,"Marietta, GA 30060"
346,Supercenter #1766,3100 Johnson Ferry Rd,"Marietta, GA 30062"
347,Supercenter #3611,6520 Earnest Barrett Parkway,"Marietta, GA 30064"
348,Supercenter #5390,210 Cobb Pkwy S,"Marietta, GA 30060"
349,Supercenter #658,2510 Redmond Cir Nw,"Rome, GA 30165"
350,Supercenter #5151,825 Cartersville Hwy Se,"Rome, GA 30161"
351,Pharmacy #6592,251 Robert B Miller Rd,"Savannah, GA 31408"
352,Neighborhood Market #4530,10530 Abercorn St,"Savannah, GA 31419"
353,Store #606,4725 Us Highway 80 E,"Savannah, GA 31410"
354,Supercenter #605,1955 E Montgomery Xrd,"Savannah, GA 31406"
355,Supercenter #635,6000 Ogeechee Rd,"Savannah, GA 31419"
356,Supercenter #4556,14030 Abercorn St,"Savannah, GA 31419"
357,Neighborhood Market #3072,2912 W Main St,"Snellville, GA 30078"
358,Supercenter #1720,1550 Scenic Hwy N,"Snellville, GA 30078"
359,Supercenter #3389,3435 Centerville Hwy,"Snellville, GA 30039"
360,Neighborhood Market #2858,349 Brampton Ave,"Statesboro, GA 30458"
361,Supercenter #754,147 Northside Dr E,"Statesboro, GA 30458"
362,Supercenter #745,5600 N Henry Blvd,"Stockbridge, GA 30281"
363,Supercenter #3402,1400 Hudson Bridge Rd,"Stockbridge, GA 30281"
364,Supercenter #1184,1825 Rockbridge Rd,"Stone Mountain, GA 30087"
365,Supercenter #3188,5935 Memorial Dr,"Stone Mountain, GA 30083"
366,Neighborhood Market #5198,1810 Tift Ave N,"Tifton, GA 31794"
367,Supercenter #1072,1830 Us Highway 82 W,"Tifton, GA 31793"
368,Neighborhood Market #3071,3201 Tucker Norcross Rd,"Tucker, GA 30084"
369,Supercenter #2584,4375 Lawrenceville Hwy,"Tucker, GA 30084"
370,Neighborhood Market #6732,4196 Bemiss Rd,"Valdosta, GA 31605"
371,Supercenter #899,340 Norman Dr,"Valdosta, GA 31601"
372,Supercenter #2615,3274 Inner Perimeter Rd,"Valdosta, GA 31602"
373,Neighborhood Market #840,515 N Houston Rd,"Warner Robins, GA 31093"
374,Neighborhood Market #920,3009 Russell Parkway,"Warner Robins, GA 31088"
375,Supercenter #1367,2720 Watson Blvd,"Warner Robins, GA 31093"
376,Supercenter #3750,502 Booth Rd,"Warner Robins, GA 31088"
377,Neighborhood Market #4527,1630 Plant Ave,"Waycross, GA 31501"
378,Supercenter #556,2425 Memorial Dr,"Waycross, GA 31503"
379,Supercenter #575,12182 Highway 92,"Woodstock, GA 30188"
380,Supercenter #5275,6435 Bells Ferry Rd,"Woodstock, GA 30189"
381,Store #3149,1032 Fort Street Mall,"Honolulu, HI 96813"
382,Store #3478,700 Keeaumoku St,"Honolulu, HI 96814"
383,Neighborhood Market #3094,3233 N. Cole Rd.,"Boise, ID 83704"
384,Supercenter #2508,8300 W Overland Rd,"Boise, ID 83709"
385,Neighborhood Market #4494,622 E. Ustick Road,"Caldwell, ID 83605"
386,Supercenter #2780,5108 Cleveland Blvd,"Caldwell, ID 83607"
387,Supercenter #2862,4051 E Fairview Ave,"Meridian, ID 83642"
388,Supercenter #3093,795 West Overland Road,"Meridian, ID 83642"
389,Supercenter #5841,5001 N. Ten Mile Rd.,"Meridian, ID 83646"
390,Neighborhood Market #4180,175 S Middleton Rd,"Nampa, ID 83651"
391,Supercenter #2781,2100 12th Ave Rd,"Nampa, ID 83686"
392,Supercenter #3739,5875 E Franklin Rd,"Nampa, ID 83687"
393,Supercenter #3472,3050 E Mullan Ave,"Post Falls, ID 83854"
394,Supercenter #4395,6405 W Pointe Parkway,"Post Falls, ID 83854"
395,Neighborhood Market #3110,7535 S. Ashland Ave.,"Chicago, IL 60620"
396,Neighborhood Market #3166,4720 S. Cottage Grove Avenue,"Chicago, IL 60653"
397,Neighborhood Market #5645,2844 N Broadway St,"Chicago, IL 60657"
398,Neighborhood Market #5646,2551 W Cermak Rd,"Chicago, IL 60608"
399,Supercenter #5402,4650 W North Ave,"Chicago, IL 60639"
400,Supercenter #5617,4626 W Diversey Ave,"Chicago, IL 60639"
401,Supercenter #5781,8331 S Stewart Ave,"Chicago, IL 60620"
402,Supercenter #5965,10900 S. Doty Avenue,"Chicago, IL 60628"
403,Neighborhood Market #2425,1101 Belt Line Rd,"Collinsville, IL 62234"
404,Supercenter #361,1040 Collinsville Crossing Blvd,"Collinsville, IL 62234"
405,Supercenter #1690,4224 N Prospect St,"Decatur, IL 62526"
406,Supercenter #2728,4625 E Maryland St,"Decatur, IL 62521"
407,Store #2816,5630 W Touhy Ave,"Niles, IL 60714"
408,Supercenter #3725,8500 W Golf Rd,"Niles, IL 60714"
409,Store #1323,3315 N University St,"Peoria, IL 61604"
410,Supercenter #3460,8915 N Allen Rd,"Peoria, IL 61615"
411,Supercenter #1490,7219 Walton St,"Rockford, IL 61108"
412,Supercenter #1955,3849 Northridge Dr,"Rockford, IL 61114"
413,Supercenter #5398,3902 W Riverside Blvd,"Rockford, IL 61101"
414,Supercenter #1602,3401 Freedom Dr,"Springfield, IL 62704"
415,Supercenter #3210,2760 No. Dirksen Pkwy,"Springfield, IL 62702"
416,Supercenter #3602,1100 Lejune Dr,"Springfield, IL 62703"
417,Supercenter #1371,735 Whitfield Dr,"Columbus, IN 47201"
418,Supercenter #4216,2025 Merchant Mile,"Columbus, IN 47201"
419,Supercenter #2679,175 Country Road #6 West,"Elkhart, IN 46514"
420,Supercenter #4399,30830 Old Us 20,"Elkhart, IN 46514"
421,Neighborhood Market #5372,3430 Taylor Ave,"Evansville, IN 47714"
422,Neighborhood Market #5452,2500 N. First Avenue,"Evansville, IN 47710"
423,Supercenter #1263,401 N Burkhardt Rd,"Evansville, IN 47715"
424,Supercenter #1341,335 S Red Bank Rd,"Evansville, IN 47712"
425,Neighborhood Market #5767,9354 Ambleside Drive,"Fishers, IN 46038"
426,Supercenter #1557,8300 E 96th St,"Fishers, IN 46037"
427,Supercenter #1419,5311 Coldwater Rd,"Fort Wayne, IN 46825"
428,Supercenter #1804,1710 Apple Glen Blvd,"Fort Wayne, IN 46804"
429,Supercenter #4230,10105 Lima Rd,"Fort Wayne, IN 46818"
430,Supercenter #4231,7502 Southtown Crossing Blvd,"Fort Wayne, IN 46816"
431,Supercenter #5025,10420 Maysville Rd,"Fort Wayne, IN 46835"
432,Supercenter #1378,2304 Lincolnway E,"Goshen, IN 46526"
433,Supercenter #1566,4024 Elkhart Rd,"Goshen, IN 46526"
434,Supercenter #3435,1133 No. Emerson Road,"Greenwood, IN 46143"
435,Supercenter #5483,882 S. State Road 135,"Greenwood, IN 46143"
436,Supercenter #2818,7850 Cabela Dr,"Hammond, IN 46324"
437,Supercenter #4631,1100 5th Ave,"Hammond, IN 46320"
438,Neighborhood Market #4053,5555 Michigan Road,"Indianapolis, IN 46228"
439,Neighborhood Market #4054,4837 Kentucky Avenue,"Indianapolis, IN 46221"
440,Neighborhood Market #5408,3805 S Keystone Ave,"Indianapolis, IN 46227"
441,Neighborhood Market #5804,5835 W. 10th St,"Indianapolis, IN 46224"
442,Neighborhood Market #6390,5550 Fall Creek Parkway N Dr.,"Indianapolis, IN 46226"
443,Supercenter #1459,7245 Us 31 S,"Indianapolis, IN 46227"
444,Supercenter #1518,3221 W 86th St,"Indianapolis, IN 46268"
445,Supercenter #1580,10617 E Washington St,"Indianapolis, IN 46229"
446,Supercenter #2787,7325 N Keystone Ave,"Indianapolis, IN 46240"
447,Supercenter #3529,10735 Pendleton Pike,"Indianapolis, IN 46236"
448,Supercenter #3781,4545 Lafayette Rd,"Indianapolis, IN 46254"
449,Supercenter #5443,4650 S Emerson Ave,"Indianapolis, IN 46203"
450,Supercenter #1547,4205 Commerce Dr,"Lafayette, IN 47905"
451,Supercenter #3851,2347 Veterans Memorial Pkwy S,"Lafayette, IN 47909"
452,Supercenter #1665,4801 W Clara Ln,"Muncie, IN 47304"
453,Supercenter #3747,1501 E 29th St,"Muncie, IN 47302"
454,Neighborhood Market #6470,900 West Main Street,"Plainfield, IN 46168"
455,Supercenter #828,2373 E Main St,"Plainfield, IN 46168"
456,Pharmacy #7266,"4924 S. Maple Tree Dr.,","Princeton, IN 47670"
457,Supercenter #1783,2700 W Broadway St,"Princeton, IN 47670"
458,Supercenter #2680,3701 Portage Rd,"South Bend, IN 46628"
459,Supercenter #3436,700 W Ireland Rd,"South Bend, IN 46614"
460,Supercenter #1310,5555 S Us Hwy #41,"Terre Haute, IN 47802"
461,Supercenter #4235,2399 S State Road 46,"Terre Haute, IN 47803"
